Date,"1-Year Confidence,Corporate","1-Year Confidence,Individual","Crash Confidence,Corporate","Crash Confidence,Individual","Buy-On-Dips Confidence,Corporate","Buy-On-Dips Confidence,Individual","Valuation Confidence,Corporate","Valuation Confidence,Individual"
1989-06-30,100.0,,0.0,,0.0,,100.0,
1989-07-31,65.62,65.57,36.61,43.21,47.56,40.62,83.33,71.83
1989-08-31,58.62,55.56,38.24,37.5,43.48,44.44,70.97,76.67
1989-09-30,,,,,,,,
1989-10-31,,,,,,,,
1989-11-30,,,,,,,,
1989-12-31,,,,,,,,
1990-01-31,45.21,,25.84,,60.34,,60.0,
1990-02-28,54.84,,26.83,,42.86,,65.0,
1990-03-31,0.0,,0.0,,0.0,,0.0,
1990-04-30,,,,,,,,
1990-05-31,,,,,,,,
1990-06-30,,,,,,,,
1990-07-31,68.29,,13.73,,36.67,,57.14,
1990-08-31,49.25,,21.95,,30.0,,60.0,
1990-09-30,50.0,,0.0,,,,75.0,
1990-10-31,,,,,,,,
1990-11-30,,,,,,,,
1990-12-31,,,,,,,,
1991-01-31,100.0,,50.0,,0.0,,100.0,
1991-02-28,79.41,,31.03,,37.25,,67.44,
1991-03-31,65.71,,30.23,,39.29,,55.26,
1991-04-30,100.0,,100.0,,,,100.0,
1991-05-31,,,,,,,,
1991-06-30,,,,,,,,
1991-07-31,,,,,,,,
1991-08-31,76.47,,35.37,,62.79,,37.5,
1991-09-30,86.67,,39.44,,59.57,,67.12,
1991-10-31,100.0,,33.33,,0.0,,50.0,
1991-11-30,,,,,,,,
1991-12-31,,,,,,,,
1992-01-31,100.0,,100.0,,,,,
1992-02-29,75.57,,31.17,,50.83,,53.59,
1992-03-31,71.43,,0.0,,33.33,,25.0,
1992-04-30,100.0,,0.0,,,,100.0,
1992-05-31,,,,,,,,
1992-06-30,,,,,,,,
1992-07-31,,,,,,,,
1992-08-31,66.67,,28.95,,48.89,,52.11,
1992-09-30,73.68,,26.67,,55.17,,58.7,
1992-10-31,100.0,,0.0,,,,100.0,
1992-11-30,,,,,,,,
1992-12-31,,,,,,,,
1993-01-31,,,,,,,,
1993-02-28,57.97,,21.62,,41.3,,58.11,
1993-03-31,59.09,,28.0,,54.84,,59.18,
1993-04-30,0.0,,0.0,,0.0,,0.0,
1993-05-31,,,,,,,,
1993-06-30,,,,,,,,
1993-07-31,,,,,,,,
1993-08-31,56.06,,25.0,,41.07,,50.0,
1993-09-30,59.46,,31.11,,65.62,,64.44,
1993-10-31,100.0,,66.67,,100.0,,33.33,
1993-11-30,,,,,,,,
1993-12-31,,,,,,,,
1994-01-31,,,,,,,,
1994-02-28,0.0,,100.0,,0.0,,0.0,
1994-03-31,66.67,,35.71,,54.84,,60.0,
1994-04-30,65.38,,24.24,,23.81,,56.25,
1994-05-31,,,,,,,,
1994-06-30,,,,,,,,
1994-07-31,,,,,,,,
1994-08-31,,,,,,,,
1994-09-30,63.04,,28.85,,37.14,,66.67,
1994-10-31,75.0,,32.26,,30.0,,67.74,
1994-11-30,100.0,,50.0,,0.0,,0.0,
1994-12-31,,,,,,,,
1995-01-31,,,,,,,,
1995-02-28,,,,,,,,
1995-03-31,72.55,,27.12,,55.26,,67.24,
1995-04-30,54.55,,46.43,,60.0,,59.26,
1995-05-31,,,,,,,,
1995-06-30,,,,,,,,
1995-07-31,,,,,,,,
1995-08-31,0.0,,0.0,,,,0.0,
1995-09-30,74.51,,43.86,,50.0,,73.21,
1995-10-31,75.0,,38.24,,66.67,,69.7,
1995-11-30,50.0,,50.0,,100.0,,50.0,
1995-12-31,,,,,,,,
1996-01-31,,,,,,,,
1996-02-29,,,,,,,,
1996-03-31,64.86,,24.53,,54.29,,57.69,
1996-04-30,66.67,,17.86,,44.44,,65.52,
1996-05-31,,,,,,,,
1996-06-30,,,,,,,,
1996-07-31,,,,,,,,
1996-08-31,78.12,,47.92,,56.67,,62.26,
1996-09-30,63.16,62.07,20.83,31.51,66.67,53.12,55.56,55.41
1996-10-31,40.0,88.89,71.43,20.83,60.0,54.55,42.86,57.14
1996-11-30,,62.96,,45.45,,51.72,,40.62
1996-12-31,,,,,,,,
1997-01-31,,,,,,,,
1997-02-28,,,,,,,,
1997-03-31,39.53,,30.91,,55.56,,41.82,
1997-04-30,62.79,,29.82,,50.0,,58.18,
1997-05-31,,,,,,,,
1997-06-30,0.0,,100.0,,0.0,,0.0,
1997-07-31,,,,,,,,
1997-08-31,,,,,,,,
1997-09-30,85.11,,41.67,,55.81,,36.67,
1997-10-31,77.78,,15.38,,50.0,,30.77,
1997-11-30,,,,,,,,
1997-12-31,,,,,,,,
1998-01-31,,,,,,,,
1998-02-28,,,,,,,,
1998-03-31,59.09,,22.5,,67.31,,44.74,
1998-04-30,68.57,,27.5,,65.52,,47.5,
1998-05-31,66.67,,37.5,,66.67,,50.0,
1998-06-30,,,,,,,,
1998-07-31,,,,,,,,
1998-08-31,,,,,,,,
1998-09-30,77.55,,20.97,,67.57,,45.9,
1998-10-31,76.47,,23.68,,55.56,,60.0,
1998-11-30,100.0,,33.33,,100.0,,33.33,
1998-12-31,0.0,,0.0,,0.0,,,
1999-01-31,0.0,100.0,0.0,50.0,0.0,100.0,0.0,50.0
1999-02-28,57.89,78.57,31.58,35.29,64.29,55.56,27.78,43.75
1999-03-31,50.0,86.67,31.25,42.11,40.0,45.0,53.33,30.0
1999-04-30,77.78,73.33,16.67,33.33,44.44,76.92,25.0,29.41
1999-05-31,55.0,69.23,20.83,35.38,75.0,71.88,27.08,26.87
1999-06-30,41.67,80.0,36.36,22.22,37.5,70.59,42.86,29.41
1999-07-31,70.59,80.95,26.09,45.16,50.0,73.91,28.57,33.33
1999-08-31,64.29,57.89,27.78,36.0,27.27,47.62,38.89,19.23
1999-09-30,60.0,100.0,42.86,14.29,66.67,80.0,14.29,42.86
1999-10-31,50.0,100.0,0.0,15.38,20.0,54.55,40.0,41.67
1999-11-30,70.0,83.33,15.38,28.57,45.45,22.22,15.38,50.0
1999-12-31,100.0,50.0,50.0,16.67,100.0,0.0,50.0,60.0
2000-01-31,66.67,80.0,33.33,38.1,0.0,72.22,0.0,6.25
2000-02-29,37.5,66.67,16.67,10.53,62.5,72.22,25.0,33.33
2000-03-31,0.0,84.62,25.0,37.5,66.67,50.0,0.0,35.29
2000-04-30,,,100.0,0.0,100.0,0.0,50.0,0.0
2000-05-31,44.44,70.0,20.0,41.38,60.0,57.69,10.0,37.93
2000-06-30,76.19,81.48,25.93,24.24,68.75,56.0,54.17,22.58
2000-07-31,63.64,78.26,46.15,35.71,42.86,59.26,50.0,55.56
2000-08-31,81.25,72.22,22.22,42.31,50.0,52.38,56.25,56.0
2000-09-30,,,,,,,,
2000-10-31,,,,,,,,
2000-11-30,,,,,,,,
2000-12-31,,,,,,,,
2001-01-31,100.0,,0.0,,,,0.0,
2001-02-28,,,,,,,,
2001-03-31,,,,,,,,
2001-04-30,85.71,84.0,40.0,30.0,68.75,76.19,68.0,60.0
2001-05-31,94.44,90.0,34.78,33.33,54.55,60.71,54.55,63.89
2001-06-30,66.67,100.0,0.0,37.5,100.0,50.0,44.44,50.0
2001-07-31,62.5,100.0,18.75,0.0,75.0,0.0,56.25,0.0
2001-08-31,100.0,100.0,0.0,42.86,50.0,100.0,66.67,71.43
2001-09-30,66.67,75.0,33.33,15.38,100.0,58.33,50.0,53.85
2001-10-31,94.74,100.0,20.0,52.38,61.54,72.22,76.19,75.0
2001-11-30,68.75,86.05,36.84,30.19,56.0,75.56,42.11,62.22
2001-12-31,80.95,89.66,20.0,47.22,71.43,83.33,33.33,60.61
2002-01-31,76.47,87.88,14.29,47.73,54.55,75.76,36.36,58.54
2002-02-28,88.89,92.5,52.63,33.33,75.0,76.92,64.71,43.59
2002-03-31,92.31,92.5,46.15,41.67,70.0,75.0,69.23,58.54
2002-04-30,85.71,80.0,35.29,38.71,75.0,66.67,38.89,61.54
2002-05-31,79.17,87.5,37.5,32.0,57.89,50.0,59.38,66.67
2002-06-30,88.89,66.67,33.33,42.86,28.57,20.0,88.89,57.14
2002-07-31,50.0,81.82,28.57,25.0,33.33,55.0,25.0,68.18
2002-08-31,71.43,81.82,5.26,23.08,55.56,57.69,63.16,76.0
2002-09-30,93.75,93.1,13.64,28.57,69.23,72.41,63.64,82.76
2002-10-31,78.57,85.71,23.53,30.0,55.56,61.76,58.82,72.22
2002-11-30,79.17,94.44,30.0,27.78,66.67,70.59,75.0,93.33
2002-12-31,85.71,95.24,43.75,56.52,60.0,63.16,68.75,84.21
2003-01-31,90.91,92.86,35.71,43.48,76.92,79.49,61.54,75.61
2003-02-28,100.0,84.21,53.85,29.63,40.0,50.0,85.71,54.55
2003-03-31,84.09,87.5,54.9,30.19,73.33,46.34,74.0,76.0
2003-04-30,90.91,100.0,41.67,18.18,57.14,66.67,66.67,88.89
2003-05-31,91.3,91.67,46.43,56.0,88.89,79.17,89.29,64.44
2003-06-30,70.0,78.57,54.55,47.06,22.22,66.67,44.44,58.33
2003-07-31,91.67,93.75,45.83,52.38,63.16,77.78,79.17,52.63
2003-08-31,95.45,96.0,59.26,53.57,50.0,70.83,77.78,73.91
2003-09-30,85.71,96.97,44.0,40.54,57.89,67.86,76.0,68.57
2003-10-31,100.0,95.45,36.36,42.86,57.14,70.83,90.48,68.0
2003-11-30,100.0,91.3,46.15,34.38,63.64,57.69,92.31,76.67
2003-12-31,66.67,100.0,8.33,18.18,40.0,87.5,50.0,77.78
2004-01-31,80.0,96.55,41.67,37.14,76.47,70.0,68.0,75.76
2004-02-29,85.71,84.62,25.0,51.61,70.0,50.0,68.75,37.93
2004-03-31,80.77,80.0,44.12,36.17,60.87,72.5,71.88,63.64
2004-04-30,68.42,82.61,52.17,60.0,43.75,65.22,69.57,60.87
2004-05-31,76.0,82.14,50.0,45.16,57.89,68.97,65.52,58.62
2004-06-30,78.57,85.19,43.75,26.67,38.46,72.0,81.25,60.0
2004-07-31,59.26,95.24,35.71,46.43,58.82,57.69,50.0,70.83
2004-08-31,78.95,92.86,31.82,46.67,92.31,72.73,77.27,80.0
2004-09-30,91.3,83.33,37.5,42.86,64.71,68.75,91.3,60.0
2004-10-31,71.43,86.36,66.67,34.62,40.0,72.73,68.42,60.0
2004-11-30,74.07,82.35,58.97,35.9,57.14,55.88,71.79,51.35
2004-12-31,88.89,92.59,45.45,41.94,43.75,66.67,85.71,66.67
2005-01-31,87.5,90.91,60.0,46.15,28.57,65.0,70.0,58.33
2005-02-28,73.33,90.0,31.25,42.86,63.64,70.59,70.59,73.68
2005-03-31,76.0,84.38,40.0,38.89,60.0,75.76,76.0,69.7
2005-04-30,76.67,76.92,25.81,40.0,65.38,64.29,74.19,57.14
2005-05-31,84.21,76.0,52.17,54.84,77.78,56.67,73.91,70.0
2005-06-30,67.86,84.0,53.12,46.67,56.0,60.0,67.74,75.0
2005-07-31,72.22,86.96,66.67,41.38,62.5,66.67,80.95,53.33
2005-08-31,72.0,75.0,34.48,54.55,72.73,60.0,75.86,80.0
2005-09-30,66.67,78.57,46.67,13.33,50.0,85.71,64.29,58.82
2005-10-31,70.59,81.82,33.33,44.83,76.47,50.0,71.43,52.0
2005-11-30,90.91,88.24,60.0,60.87,70.0,77.27,92.0,85.71
2005-12-31,82.35,80.77,56.52,53.33,64.71,59.26,82.61,66.67
2006-01-31,90.0,95.0,50.0,42.31,55.56,82.61,83.33,65.22
2006-02-28,100.0,78.95,69.23,37.04,90.91,70.0,92.86,65.22
2006-03-31,100.0,84.0,58.82,45.45,61.54,60.71,94.12,77.78
2006-04-30,100.0,71.43,0.0,62.5,100.0,57.14,100.0,62.5
2006-05-31,100.0,100.0,100.0,50.0,100.0,50.0,100.0,100.0
2006-06-30,76.92,100.0,40.0,45.45,75.0,60.0,83.87,71.43
2006-07-31,83.33,72.22,47.06,34.04,59.26,48.84,79.41,61.36
2006-08-31,73.08,78.95,32.26,46.15,66.67,55.0,67.74,78.95
2006-09-30,52.94,88.46,50.0,34.48,46.67,45.83,60.0,76.92
2006-10-31,54.55,88.89,66.67,47.37,11.11,47.37,91.67,80.0
2006-11-30,85.0,86.96,57.69,60.0,50.0,54.17,80.0,86.96
2006-12-31,73.91,87.88,62.5,27.03,64.71,64.29,72.0,74.29
2007-01-31,86.67,80.0,50.0,31.58,63.64,68.75,87.5,76.47
2007-02-28,75.0,86.36,62.5,25.0,57.14,63.64,87.5,65.0
2007-03-31,86.67,86.67,37.5,22.73,33.33,58.82,78.57,55.56
2007-04-30,79.07,66.67,40.0,33.33,56.52,52.38,76.0,61.9
2007-05-31,75.0,81.82,35.71,34.48,40.74,61.9,59.26,73.08
2007-06-30,75.0,86.49,40.28,27.91,64.41,65.71,69.01,68.42
2007-07-31,79.03,78.87,36.49,32.95,62.12,62.82,76.39,65.48
2007-08-31,83.33,76.92,30.56,26.09,68.97,68.18,77.46,61.9
2007-09-30,76.32,75.0,30.43,23.81,58.82,58.82,71.74,77.78
2007-10-31,71.62,78.0,44.58,30.08,60.56,57.28,76.83,57.26
2007-11-30,80.95,74.47,32.26,26.92,69.57,65.96,54.84,55.32
2007-12-31,83.78,73.21,28.57,43.24,61.11,57.81,80.0,64.29
2008-01-31,80.25,62.63,34.95,24.39,69.62,63.37,78.43,57.0
2008-02-29,80.0,75.0,46.67,33.33,69.23,50.0,70.45,74.58
2008-03-31,75.61,75.0,32.65,29.23,72.5,61.54,82.22,74.58
2008-04-30,81.58,70.0,37.78,12.0,72.73,70.83,77.27,57.89
2008-05-31,82.93,82.61,48.15,31.03,47.5,72.0,77.78,63.27
2008-06-30,77.05,75.0,34.72,27.63,62.69,63.64,73.53,74.29
2008-07-31,75.51,72.0,30.91,18.33,69.05,57.14,77.36,70.18
2008-08-31,87.27,68.0,25.42,38.71,74.0,74.07,84.75,58.33
2008-09-30,75.0,,41.18,50.0,75.0,100.0,66.67,50.0
2008-10-31,83.33,79.69,15.29,21.62,71.43,70.18,81.25,71.83
2008-11-30,80.3,68.0,13.24,9.43,65.31,68.18,83.33,70.83
2008-12-31,80.77,77.14,23.53,15.38,82.14,68.57,80.0,82.35
2009-01-31,77.14,80.85,18.18,18.37,68.57,73.33,83.33,78.43
2009-02-28,88.24,57.14,24.32,18.18,60.0,55.56,81.08,84.21
2009-03-31,75.0,66.67,44.44,13.89,80.0,53.12,100.0,87.5
2009-04-30,,,,,,,,
2009-05-31,64.29,83.33,20.0,35.0,81.25,53.33,68.42,77.78
2009-06-30,78.67,73.42,31.03,25.58,68.92,60.76,77.38,69.33
2009-07-31,77.14,80.95,23.08,37.5,68.75,78.95,84.62,82.61
2009-08-31,65.38,86.11,40.0,36.36,79.17,61.11,50.0,66.67
2009-09-30,78.72,82.5,30.0,40.43,64.29,64.86,77.97,76.32
2009-10-31,78.26,80.39,29.41,25.0,66.67,61.36,67.74,68.63
2009-11-30,78.57,69.7,35.48,20.51,84.62,48.57,66.67,45.71
2009-12-31,72.0,72.41,39.29,32.35,76.92,50.0,62.96,72.41
2010-01-31,77.27,80.49,29.17,35.85,70.0,72.5,45.45,70.21
2010-02-28,78.79,73.33,32.35,41.18,68.75,58.62,64.52,50.0
2010-03-31,83.33,74.29,48.48,31.11,68.97,48.78,81.82,65.79
2010-04-30,83.33,83.87,34.78,33.33,61.11,64.52,40.0,65.62
2010-05-31,40.0,83.33,40.0,28.12,50.0,73.91,40.0,63.33
2010-06-30,68.75,68.75,15.79,28.95,76.47,61.76,55.0,72.22
2010-07-31,72.22,75.61,26.09,26.0,52.38,48.72,70.0,62.79
2010-08-31,76.74,76.74,39.62,23.08,59.09,57.5,78.85,73.91
2010-09-30,66.67,100.0,50.0,40.0,100.0,50.0,75.0,40.0
2010-10-31,73.85,83.33,33.33,35.09,53.33,54.9,72.97,68.09
2010-11-30,85.71,72.97,24.39,19.05,71.79,72.22,68.29,70.27
2010-12-31,80.0,80.0,20.0,33.33,50.0,100.0,100.0,60.0
2011-01-31,,,,,,,,
2011-02-28,82.08,81.19,36.75,31.3,60.82,53.47,75.22,68.93
2011-03-31,83.95,75.0,39.36,32.86,71.43,61.29,72.83,61.29
2011-04-30,80.0,67.5,37.78,38.3,58.97,66.67,69.05,53.06
2011-05-31,66.67,87.5,30.77,10.0,66.67,25.0,61.54,77.78
2011-06-30,83.33,88.89,30.43,24.39,58.33,52.94,69.57,71.05
2011-07-31,66.67,69.57,24.14,26.67,64.0,60.0,82.76,64.29
2011-08-31,85.11,65.52,25.0,14.29,84.44,79.31,86.79,59.38
2011-09-30,73.81,63.16,11.11,11.9,78.38,70.27,75.0,72.22
2011-10-31,74.07,73.91,28.57,20.75,64.52,68.18,88.89,74.0
2011-11-30,33.33,100.0,0.0,0.0,50.0,50.0,75.0,75.0
2011-12-31,77.42,75.68,20.83,25.56,65.0,72.5,81.94,73.17
2012-01-31,87.18,83.02,30.0,34.43,62.86,59.18,82.5,70.91
2012-02-29,78.0,78.95,34.55,40.91,60.0,71.43,78.18,63.41
2012-03-31,76.0,74.42,19.35,27.08,41.38,69.57,74.19,72.34
2012-04-30,86.11,78.95,45.24,31.82,61.76,53.85,90.0,75.61
2012-05-31,85.0,82.76,23.91,29.73,46.15,64.52,81.63,66.67
2012-06-30,83.87,80.95,30.3,38.1,51.61,46.67,70.97,71.43
2012-07-31,78.79,83.87,34.15,25.0,60.0,57.14,75.0,68.57
2012-08-31,81.82,74.07,22.22,38.71,74.19,56.0,74.29,53.57
2012-09-30,72.22,75.0,33.33,20.59,65.0,45.16,69.57,62.5
2012-10-31,70.97,66.67,27.78,13.79,63.33,51.85,61.11,48.15
2012-11-30,66.67,75.0,26.92,22.58,59.09,72.0,80.0,70.37
2012-12-31,72.73,67.65,39.47,21.05,46.88,56.25,74.29,50.0
2013-01-31,88.24,60.53,20.0,26.83,52.94,42.11,67.65,71.05
2013-02-28,65.0,72.97,40.74,25.0,72.73,52.63,46.15,64.1
2013-03-31,73.68,80.77,50.0,43.33,84.21,46.15,64.0,67.86
2013-04-30,77.78,66.67,40.0,33.33,55.56,66.67,60.0,0.0
2013-05-31,77.14,64.1,38.1,38.64,67.57,68.42,67.5,55.81
2013-06-30,73.33,79.17,31.25,40.38,50.0,61.7,66.67,54.17
2013-07-31,91.84,82.93,39.66,36.73,52.94,52.38,77.78,55.81
2013-08-31,66.67,69.23,45.16,34.48,46.43,59.26,67.74,74.07
2013-09-30,63.64,52.94,34.62,37.21,57.89,66.67,52.0,47.5
2013-10-31,68.0,74.19,26.67,40.0,62.5,65.62,76.67,50.0
2013-11-30,82.76,70.97,41.03,33.33,72.73,61.29,58.97,38.71
2013-12-31,73.91,75.0,33.33,48.15,65.0,62.5,70.83,40.0
2014-01-31,89.29,63.41,43.24,41.67,56.67,63.41,60.0,54.76
2014-02-28,100.0,100.0,40.0,0.0,60.0,100.0,60.0,0.0
2014-03-31,86.36,81.36,37.5,30.88,61.36,58.73,71.43,50.79
2014-04-30,97.3,75.86,45.24,48.39,54.05,50.0,71.43,59.26
2014-05-31,87.5,58.33,41.38,42.86,45.45,73.91,53.57,50.0
2014-06-30,88.0,59.46,32.26,30.43,42.86,47.37,63.33,35.71
2014-07-31,66.67,59.26,22.22,24.24,55.17,57.69,64.71,37.93
2014-08-31,62.07,64.71,24.24,47.62,62.96,61.11,66.67,60.0
2014-09-30,94.12,63.64,30.0,30.56,68.75,48.48,68.42,51.43
2014-10-31,66.67,75.0,33.33,20.0,33.33,60.0,66.67,50.0
2014-11-30,57.69,67.44,30.3,39.22,52.0,56.0,51.61,51.02
2014-12-31,69.44,78.57,33.33,43.75,42.86,65.85,65.85,36.59
2015-01-31,77.78,55.56,36.36,45.45,80.0,80.0,72.73,40.0
2015-02-28,70.83,78.26,46.88,38.0,65.38,72.92,56.67,52.08
2015-03-31,72.73,63.89,29.82,30.77,65.38,62.86,54.39,54.29
2015-04-30,50.0,90.91,50.0,35.71,66.67,75.0,40.0,50.0
2015-05-31,78.26,75.61,28.3,29.55,65.91,66.67,62.0,56.1
2015-06-30,68.18,77.78,25.81,47.83,80.0,67.5,51.72,38.46
2015-07-31,69.44,81.82,45.45,25.0,61.11,71.43,58.14,40.74
2015-08-31,73.33,69.23,22.22,20.93,53.33,64.1,64.71,55.0
2015-09-30,72.0,68.97,33.33,22.86,73.08,76.67,59.38,45.71
2015-10-31,100.0,57.14,60.0,0.0,75.0,37.5,80.0,57.14
2015-11-30,71.43,66.67,34.78,50.0,55.0,50.0,73.91,52.0
2015-12-31,81.82,80.0,41.67,33.33,77.78,60.0,75.0,40.0
2016-01-31,70.37,66.67,30.65,22.0,65.38,55.56,55.0,41.46
2016-02-29,79.31,68.29,33.33,33.33,62.96,60.53,74.19,54.35
2016-03-31,84.0,76.0,32.14,30.0,60.87,50.0,57.69,56.67
2016-04-30,61.11,67.65,45.45,34.09,52.94,56.41,45.45,48.65
2016-05-31,76.92,77.42,21.88,30.77,75.0,58.33,45.16,56.25
2016-06-30,74.07,59.62,28.57,35.38,65.52,57.69,58.06,48.21
2016-07-31,66.67,81.82,0.0,16.67,33.33,27.27,42.86,40.0
2016-08-31,68.75,44.44,27.78,42.86,61.54,47.06,47.37,45.0
2016-09-30,52.63,66.67,30.43,12.5,83.33,50.0,36.36,52.17
2016-10-31,70.59,73.91,30.0,28.57,64.71,59.26,65.0,28.0
2016-11-30,83.33,71.43,18.18,22.22,40.0,53.33,40.91,50.0
2016-12-31,68.42,53.57,36.36,38.46,56.25,48.57,38.1,36.36
2017-01-31,86.05,56.52,35.85,36.0,52.5,56.52,50.98,50.0
2017-02-28,76.32,64.86,36.59,25.49,66.67,65.85,54.76,38.3
2017-03-31,62.5,55.26,26.92,34.15,50.0,51.35,34.62,29.73
2017-04-30,94.12,64.29,38.89,41.38,53.33,53.85,70.59,41.38
2017-05-31,65.79,69.23,31.82,48.15,53.33,55.56,41.46,32.14
2017-06-30,77.78,55.0,50.0,23.08,72.73,68.18,43.9,37.5
2017-07-31,73.68,47.06,40.91,31.43,71.43,60.61,54.55,44.12
2017-08-31,63.64,60.87,23.08,28.57,69.57,69.57,42.31,34.62
2017-09-30,76.19,62.5,33.33,23.53,65.0,46.67,61.9,57.58
2017-10-31,50.0,87.5,0.0,25.0,50.0,37.5,0.0,14.29
2017-11-30,57.69,57.69,32.14,38.46,50.0,52.17,50.0,28.0
2017-12-31,59.09,60.71,36.0,17.14,68.42,48.48,60.0,47.06
2018-01-31,71.79,90.91,25.58,27.78,79.41,71.43,40.48,52.78
2018-02-28,70.0,40.0,27.27,28.57,66.67,54.29,72.73,20.0
2018-03-31,59.26,58.54,20.0,25.0,53.85,64.86,48.39,34.78
2018-04-30,63.16,71.43,39.53,23.08,75.0,70.45,57.5,44.9
2018-05-31,90.91,80.95,50.0,36.0,62.5,86.36,73.08,64.0
2018-06-30,86.96,70.83,50.0,37.04,84.21,61.54,60.71,58.33
2018-07-31,68.42,65.0,33.33,30.77,68.42,68.18,61.9,77.27
2018-08-31,76.19,73.33,40.74,38.89,63.64,43.75,72.0,52.94
2018-09-30,83.33,100.0,57.14,50.0,66.67,50.0,42.86,75.0
2018-10-31,73.68,62.07,31.82,23.33,33.33,61.54,40.91,44.44
2018-11-30,80.0,62.07,33.33,32.35,78.57,50.0,76.47,46.88
2018-12-31,55.56,60.61,9.52,22.86,33.33,54.84,40.91,53.12
2019-01-31,83.67,71.93,48.15,23.88,67.44,55.56,81.13,43.86
2019-02-28,66.67,57.69,25.0,25.81,58.33,57.89,65.0,42.31
2019-03-31,75.0,80.56,30.43,35.9,61.9,66.67,78.26,58.82
2019-04-30,87.5,65.38,44.44,37.04,62.5,56.52,75.0,60.87
2019-05-31,61.9,66.67,22.22,50.0,65.0,63.64,61.54,57.14
2019-06-30,70.59,75.0,33.33,35.0,64.71,41.18,60.87,47.06
2019-07-31,69.57,41.18,60.0,38.89,61.9,62.5,66.67,50.0
2019-08-31,55.0,53.85,27.27,33.33,57.89,60.71,47.37,38.71
2019-09-30,68.75,52.38,27.78,34.62,68.75,72.73,55.56,41.67
2019-10-31,66.67,28.57,33.33,30.0,50.0,71.43,66.67,33.33
2019-11-30,76.67,79.41,58.33,25.58,74.19,70.0,69.44,67.57
2019-12-31,82.35,66.67,60.0,24.0,50.0,52.63,75.0,37.5
2020-01-31,68.75,61.9,36.11,35.71,63.33,70.83,59.38,46.15
2020-02-29,96.0,64.29,60.71,35.48,66.67,64.29,62.96,48.15
2020-03-31,85.71,88.24,23.08,4.76,40.0,62.5,58.33,33.33
2020-04-30,66.67,82.14,31.58,25.0,85.71,71.43,57.89,64.29
2020-05-31,85.71,72.41,23.53,12.5,75.0,58.33,64.71,48.28
2020-06-30,60.0,84.0,23.08,10.34,66.67,52.17,16.67,54.17
2020-07-31,73.33,50.0,31.58,9.38,62.5,43.48,52.63,25.0
2020-08-31,63.64,62.5,6.25,14.29,71.43,70.97,40.0,29.03
2020-09-30,69.23,65.22,12.5,21.21,50.0,75.0,31.25,10.34
2020-10-31,64.29,85.71,36.84,13.04,81.25,63.64,61.11,45.0
2020-11-30,58.33,78.26,15.79,33.33,53.85,75.0,38.89,50.0
2020-12-31,40.0,75.0,37.5,38.46,37.5,58.33,37.5,46.15
2021-01-31,76.92,69.23,42.86,23.08,71.43,56.0,50.0,8.33
2021-02-28,64.29,69.23,61.54,33.33,100.0,40.0,33.33,35.71
2021-03-31,68.97,76.0,22.58,37.93,55.17,67.86,45.45,39.29
2021-04-30,70.59,79.41,38.89,30.0,62.5,72.97,52.63,36.84
2021-05-31,70.59,64.71,21.74,35.9,57.14,60.0,40.91,25.64
2021-06-30,61.11,53.85,43.48,40.0,75.0,68.42,54.17,23.81
2021-07-31,58.33,48.0,35.71,6.9,92.31,88.89,42.86,37.04
2021-08-31,54.55,62.5,28.57,21.05,75.0,68.42,38.46,26.67
2021-09-30,69.57,61.54,21.74,16.67,77.27,52.0,58.33,29.63
2021-10-31,100.0,90.91,0.0,8.33,66.67,60.0,66.67,54.55
2021-11-30,66.67,65.0,25.0,29.17,61.54,73.91,40.0,33.33
2021-12-31,100.0,75.68,55.56,23.81,57.14,68.42,42.86,41.46
2022-01-31,64.71,62.96,37.5,20.93,75.0,48.48,25.0,29.73
2022-02-28,76.92,53.33,46.67,35.29,55.56,82.35,46.67,25.0
2022-03-31,75.0,75.0,41.18,35.0,66.67,75.0,44.44,61.11
2022-04-30,66.67,81.82,20.0,15.38,66.67,60.0,80.0,38.46
2022-05-31,84.21,42.11,47.62,16.0,58.82,56.52,75.0,45.0
2022-06-30,84.62,50.0,35.29,14.29,47.06,21.74,64.71,34.62
2022-07-31,82.35,65.62,26.09,35.14,80.95,60.61,68.18,65.62
2022-08-31,64.29,77.42,27.78,18.92,77.78,75.76,48.39,48.57
2022-09-30,72.73,76.19,14.29,7.14,58.33,41.67,64.29,51.85
2022-10-31,66.67,37.5,9.09,25.0,75.0,71.43,58.33,37.5
2022-11-30,63.64,66.67,38.46,40.0,46.15,57.89,76.92,50.0
2022-12-31,58.33,54.55,50.0,24.0,63.64,45.0,58.33,50.0
2023-01-31,100.0,70.59,16.67,50.0,16.67,61.11,66.67,57.89
2023-02-28,86.96,61.7,57.14,38.89,60.87,76.74,84.0,54.17
2023-03-31,57.89,60.53,33.33,29.55,65.0,65.79,68.42,48.65
2023-04-30,57.14,60.87,45.16,25.0,83.33,60.42,61.29,42.86
2023-05-31,88.89,48.65,50.0,40.0,50.0,59.52,63.64,52.5
2023-06-30,66.67,81.25,50.0,38.89,80.0,66.67,33.33,66.67
2023-07-31,70.0,72.22,20.0,44.0,42.86,56.52,58.33,52.38
2023-08-31,66.67,91.67,23.08,35.29,63.64,57.14,46.15,56.25
2023-09-30,82.35,69.23,31.58,16.67,46.67,53.33,63.16,70.59
2023-10-31,71.43,82.61,58.33,60.0,75.0,78.95,81.82,65.0
2023-11-30,75.0,75.0,62.5,22.73,100.0,66.67,50.0,45.45
2023-12-31,75.0,78.26,45.45,37.04,50.0,70.0,63.64,50.0
2024-01-31,100.0,66.67,60.0,50.0,33.33,75.0,75.0,100.0
2024-02-29,100.0,87.5,30.77,26.67,90.0,53.85,75.0,44.44
2024-03-31,87.5,71.43,44.44,44.44,62.5,64.29,50.0,37.5
2024-04-30,83.33,80.0,40.91,29.17,71.43,47.62,47.62,52.17
2024-05-31,50.0,68.42,58.33,44.0,66.67,65.22,58.33,30.43
2024-06-30,69.23,66.67,46.67,35.48,64.29,70.37,50.0,25.93
2024-07-31,53.85,66.67,30.0,50.0,50.0,71.43,24.14,38.24
2024-08-31,80.0,81.25,14.29,42.11,50.0,47.06,50.0,15.79
2024-09-30,85.71,75.0,18.18,35.29,71.43,66.67,54.55,40.0
2024-10-31,92.31,61.54,41.18,35.29,85.71,50.0,41.18,18.75
2024-11-30,53.85,65.0,38.46,31.82,81.82,72.22,14.29,50.0
2024-12-31,87.5,70.83,58.33,43.75,44.44,61.54,15.38,41.67
2025-01-31,62.5,78.57,12.5,33.33,37.5,72.73,25.0,33.33
2025-02-28,81.82,54.55,43.75,24.14,76.92,57.69,37.5,56.0
2025-03-31,91.67,40.0,28.57,28.0,50.0,38.1,50.0,32.0
2025-04-30,83.33,54.17,33.33,25.0,77.78,26.09,66.67,26.92
2025-05-31,63.64,79.17,7.69,26.67,54.55,70.37,25.0,57.14
2025-06-30,69.23,80.95,57.14,32.0,85.71,41.67,64.29,50.0
2025-07-31,57.14,81.48,90.0,42.86,50.0,61.9,54.55,37.5
2025-08-31,50.0,76.19,26.67,52.17,76.92,70.0,20.0,45.45
